函式名稱,定義位置,參考次數,原始碼狀態
"Abc.prototype.cfmt","tail.js:27",276,"Abc.prototype.cfmt = function() { return cfmt };"
"syntax","abc2svg.js:414",159,"function syntax(sev, msg, a1, a2, a3, a4) {"
"sy","svg.js:529",118,"function sy(y) {"
"abc2svg.Abc","abc2svg.js:235",116,"abc2svg.Abc = function(user) {"
"Abc.prototype.stv_g","tail.js:98",103,"Abc.prototype.stv_g = function() { return stv_g };"
"error","abc2svg.js:362",73,"function error(sev, s, msg, a1, a2, a3, a4) {"
"clone","abc2svg.js:310",69,"function clone(obj, lvl) {"
"Abc.prototype.info","tail.js:72",67,"Abc.prototype.info = function() { return info };"
"xygl","svg.js:667",47,"function xygl(x, y, gl) {"
"y_set","deco.js:133",42,"function y_set(st, up, x, w, y) {"
"out_XYAB","svg.js:483",40,"function out_XYAB(str, x, y, a, b) {"
"Abc.prototype.a_de","tail.js:24",36,"Abc.prototype.a_de = function() { return a_de }"
"Abc.prototype.glovar","tail.js:71",34,"Abc.prototype.glovar = function() { return glovar }"
"vskip","svg.js:1321",32,"function vskip(h) {"
"set_font","subs.js:310",32,"function set_font(xxx) {"
"y_get","deco.js:98",32,"function y_get(st, up, x, w) {"
"xy_str","subs.js:327",29,"function xy_str(x, y,"
"strwh","subs.js:140",27,"strwh = function(str) {"
"strwh","subs.js:195",27,"strwh = function(str) {"
"scanBuf.prototype.next_char","abc2svg.js:400",26,"scanBuf.prototype.next_char = function() {"
"tspan","subs.js:251",25,"function tspan(nf, of) {"
"set_sscale","svg.js:332",21,"function set_sscale(st) {"
"sym_link","tune.js:61",18,"function sym_link(s) {"
"scanBuf.prototype.char","abc2svg.js:397",16,"scanBuf.prototype.char = function() {"
"set_dscale","svg.js:375",15,"function set_dscale(st, no_scale) {"
"unlksym","music.js:380",15,"function unlksym(s) {"
"set_page","format.js:481",15,"function set_page() {"
"set_color","svg.js:322",14,"function set_color(color) {"
"Abc.prototype.sh","svg.js:539",14,"Abc.prototype.sh = function(h) {"
"blk_flush","svg.js:1418",14,"function blk_flush() {"
"get_font","format.js:946",14,"function get_font(fn) {"
"sx","svg.js:523",13,"function sx(x) {"
"uncomment","front.js:261",13,"function uncomment(src, flag) {"
"set_scale","svg.js:355",12,"function set_scale(s) {"
"get_bool","format.js:171",12,"function get_bool(param) {"
"do_cloning","tune.js:2142",11,"function do_cloning() {"
"out_sxsy","svg.js:557",11,"function out_sxsy(x, sep, y) {"
"get_lwidth","subs.js:404",11,"function get_lwidth() {"
"Abc.prototype.set_width","music.js:689",11,"Abc.prototype.set_width = function(s) {"
"get_unit","format.js:362",11,"function get_unit(param) {"
"st1","draw.js:3760",11,"function st1(st, s) {"
"scanBuf","abc2svg.js:393",11,"function scanBuf() {"
"glout","svg.js:624",10,"function glout() {"
"g_open","svg.js:500",9,"function g_open(x, y, rot, sx, sy) {"
"new_block","parse.js:328",9,"function new_block(subtype) {"
"lktsym","music.js:340",9,"function lktsym(s, next) {	// time linkage"
"font_class","format.js:896",9,"function font_class(font) {"
"use_font","format.js:906",9,"function use_font(font) {"
"set_hl","draw.js:830",9,"function set_hl(p_st, n, x, dx1, dx2) {"
"empty_function","svg.js:443",8,"function empty_function() {"
"xypath","svg.js:565",8,"function xypath(x, y, fill) {"
"partname","subs.js:733",8,"function partname(c) {"
"set_ref","parse.js:28",8,"function set_ref(s) {"
"new_type","music.js:1688",8,"function new_type(s) {"
"draw_tie","draw.js:2818",8,"function draw_tie(not1, not2,"
"str2svg","subs.js:240",7,"function str2svg(str) {"
"expand","parse.js:2655",7,"function expand(m, b) {"
"generate","tune.js:1323",6,"function generate() {"
"g_close","svg.js:513",6,"function g_close() {"
"svg_flush","svg.js:1340",6,"function svg_flush() {"
"parse_acc_pit","parse.js:1665",6,"function parse_acc_pit(line) {"
"set_yval","music.js:2388",6,"function set_yval(s) {"
"param_set_font","format.js:201",6,"function param_set_font(xxxfont, p) {"
"set_v_param","format.js:471",6,"function set_v_param(k, v) {"
"d_upstaff","deco.js:468",6,"function d_upstaff(de) {"
"Abc.prototype.do_pscom","tune.js:890",5,"Abc.prototype.do_pscom = function(text) {"
"get_vover","tune.js:1791",5,"function get_vover(type) {"
"out_wln","svg.js:883",5,"function out_wln(x, y, w) {"
"Abc.prototype.set_vp","parse.js:341",5,"Abc.prototype.set_vp = function(a) {"
"info_split","parse.js:1633",5,"function info_split(text) {"
"set_map","parse.js:1752",5,"function set_map(p_v, note, acc,"
"parse_seq","parse.js:2730",5,"function parse_seq(in_mac) {"
"lkvsym","music.js:331",5,"function lkvsym(s, next) {	// voice linkage"
"sym_ott","music.js:2461",5,"function sym_ott(s, d) {"
"gch_tr1","gchord.js:170",5,"function gch_tr1(p, tr) {"
"csan_add","gchord.js:216",5,"function csan_add(s) {"
"draw_note","draw.js:1643",5,"function draw_note(s,"
"draw_slurs","draw.js:2271",5,"function draw_slurs(s, last) {"
"scanBuf.prototype.get_int","abc2svg.js:403",5,"scanBuf.prototype.get_int = function() {"
"new_voice","tune.js:2052",4,"function new_voice(id) {"
"get_voice","tune.js:2170",4,"function get_voice(parm) {"
"out_deco_val","svg.js:1079",4,"function out_deco_val(x, y, name, val, defl) {"
"clr_sty","svg.js:1326",4,"function clr_sty() {"
"part_seq","subs.js:720",4,"function part_seq() {"
"get_interval","parse.js:131",4,"function get_interval(param, score) {"
"memo_kv_parm","parse.js:601",4,"function memo_kv_parm(vid,	// voice ID (V:) / '*' (K:/V:*)"
"parse_dur","parse.js:1649",4,"function parse_dur(line) {"
"parse_vpos","parse.js:1852",4,"function parse_vpos() {"
"identify_note","music.js:69",4,"function identify_note(s, dur_o) {"
"_bar","music.js:1264",4,"function _bar(s) {"
"to_rest","music.js:1412",4,"function to_rest(so) {"
"set_nl","music.js:1680",4,"function set_nl(s) {			// s = start of line"
"loffs","music.js:3341",4,"function loffs(d) {"
"new_sym","music.js:3511",4,"function new_sym(s, p_v, last_s) {"
"ly_set","lyrics.js:271",4,"function ly_set(s) {"
"cnv_escape","front.js:67",4,"function cnv_escape(src, flag) {"
"tosvg","front.js:226",4,"function tosvg(in_fname,		// file name"
"Abc.prototype.calculate_beam","draw.js:99",4,"Abc.prototype.calculate_beam = function(bm, s1) {"
"draw_beam","draw.js:477",4,"function draw_beam(x1, x2, dy, h, bm,"
"draw_sysbra","draw.js:676",4,"function draw_sysbra(x, st, flag) {"
"draw_slur","draw.js:1855",4,"function draw_slur(path,	// list of symbols under the slur"
"draw_staff","draw.js:3519",4,"function draw_staff(st, x1, x2) {"
"draw_sl2","draw.js:4048",4,"function draw_sl2() {"
"deco_cnv","deco.js:758",4,"function deco_cnv(s, prev) {"
"dh_cnv","deco.js:1016",4,"function dh_cnv(s, nt) {"
"errbld","abc2svg.js:324",4,"function errbld(sev, txt, fn, idx) {"
"not2abc","tune.js:741",3,"function not2abc(pit, acc) {"
"get_transp","tune.js:869",3,"function get_transp(param) {"
"key_trans","tune.js:1384",3,"function key_trans() {"
"clone_voice","tune.js:1760",3,"function clone_voice(id) {"
"is_voice_sig","tune.js:1916",3,"function is_voice_sig() {"
"defs_add","svg.js:244",3,"function defs_add(text) {"
"set_g","svg.js:286",3,"function set_g() {"
"hlud","svg.js:577",3,"function hlud(hla, d) {"
"out_stem","svg.js:745",3,"function out_stem(x, y, h, grace,"
"out_deco_str","svg.js:911",3,"function out_deco_str(x, y, de) {"
"out_arp","svg.js:946",3,"function out_arp(x, y, val) {"
"out_ltr","svg.js:975",3,"function out_ltr(x, y, val) {"
"tempo_note","svg.js:1197",3,"function tempo_note(str, s, dur, dy) {"
"cwid","subs.js:103",3,"function cwid(c, font) {"
"cwidf","subs.js:114",3,"function cwidf(c) {"
"clean_txt","subs.js:119",3,"function clean_txt(p) {"
"write_title","subs.js:413",3,"function write_title(title, is_subtitle) {"
"write_text","subs.js:451",3,"function write_text(text, action) {"
"put_wline","subs.js:558",3,"function put_wline(p, x) {"
"Abc.prototype.tunhd","subs.js:757",3,"Abc.prototype.tunhd = function() {"
"set_kv_parm","parse.js:586",3,"function set_kv_parm(a) {	// array of items"
"bagpipe","parse.js:646",3,"// but 'A' bagpipe = 480Hz => raise Math.log2(480/440)*1200 = 151"
"link_pq","parse.js:965",3,"function link_pq(s, text) {"
"get_nd","parse.js:1016",3,"function get_nd(p) {"
"do_info","parse.js:1110",3,"function do_info(info_type, text) {"
"pit2mid","parse.js:1931",3,"function pit2mid(pit, acc) {"
"get_deco","parse.js:2546",3,"function get_deco() {"
"n2n","parse.js:2640",3,"function n2n(n) {"
"set_allsymwidth","music.js:1318",3,"function set_allsymwidth(first) {"
"set_eol","music.js:1844",3,"function set_eol(s) {"
"ly_split","music.js:2072",3,"function ly_split(s, wmax) {"
"deco_rm","music.js:2494",3,"function deco_rm(s) {"
"Abc.prototype.set_stem_dir","music.js:3131",3,"Abc.prototype.set_stem_dir = function() {"
"rshift","music.js:3348",3,"function rshift() {"
"trem_adj","music.js:3754",3,"function trem_adj(s) {"
"get_wx","music.js:3979",3,"function get_wx(p, wx) {"
"set_left","music.js:4324",3,"function set_left(s) {"
"set_right","music.js:4374",3,"function set_right(s) {"
"Abc.prototype.block_gen","music.js:4891",3,"Abc.prototype.block_gen = function(s) {"
"reset_staff","music.js:4986",3,"function reset_staff(st) {"
"set_brace","music.js:4999",3,"function set_brace() {"
"abc2svg.loadjs","modules.js:22",3,"abc2svg.loadjs = function(fn, onsuccess, onerror) {"
"load","modules.js:70",3,"load: function(file, relay, errmsg) {"
"get_float","gchord.js:30",3,"function get_float() {"
"Abc.prototype.draw_gchord","gchord.js:335",3,"Abc.prototype.draw_gchord = function(i, s, x, y) {"
"set_src","front.js:277",3,"function set_src(stag, se) {"
"end_tune","front.js:312",3,"function end_tune() {"
"do_voice","front.js:337",3,"function do_voice(select, in_tune) {"
"set_font_fac","format.js:192",3,"function set_font_fac(font) {"
"Abc.prototype.set_format","format.js:503",3,"Abc.prototype.set_format = function(cmd, param) {"
"style_font","format.js:890",3,"function style_font(font) {"
"rnd6","draw.js:47",3,"function rnd6(y) {"
"draw_meter","draw.js:737",3,"function draw_meter(s) {"
"draw_acc","draw.js:809",3,"function draw_acc(x, y, a) {"
"Abc.prototype.draw_hl","draw.js:861",3,"Abc.prototype.draw_hl = function(s) {"
"Abc.prototype.draw_keysig","draw.js:942",3,"Abc.prototype.draw_keysig = function(x, s) {"
"nrep_out","draw.js:1116",3,"function nrep_out(x, y, n) {"
"draw_tuplet","draw.js:2461",3,"function draw_tuplet(s1) {"
"set_yab","draw.js:3006",3,"function set_yab(s1, s2) {"
"draw_systems","draw.js:3431",3,"function draw_systems(indent) {"
"bar_set","draw.js:3443",3,"function bar_set() {"
"deco_def","deco.js:571",3,"function deco_def(nm, nmd) {"
"do_ctie","deco.js:689",3,"function do_ctie(nm, s, nt1) {"
"get_dd","deco.js:724",3,"function get_dd(nm) {"
"deco_width","deco.js:1073",3,"function deco_width(s, wlnt) {"
"create_all","deco.js:1522",3,"function create_all(s) {"
"abc2svg.pab40","abc2svg.js:128",3,"abc2svg.pab40 = function(p, a) {"
"abc2svg.b40p","abc2svg.js:135",3,"abc2svg.b40p = function(b) {"
"abc2svg.b40a","abc2svg.js:138",3,"abc2svg.b40a = function(b) {"
"abc2svg.pitcmp","abc2svg.js:232",3,"abc2svg.pitcmp = function(n1, n2) { return n1.pit - n2.pit }"
"vfilt","tune.js:32",2,"function vfilt(opts, opt) {"
"sym_add","tune.js:96",2,"function sym_add(p_voice, type) {"
"sort_all","tune.js:141",2,"function sort_all() {"
"b_chk","tune.js:150",2,"function b_chk() {"
"Abc.prototype.voice_adj","tune.js:400",2,"Abc.prototype.voice_adj = function (sys_chg) {"
"ins_pq","tune.js:404",2,"function ins_pq() {"
"set_feathered_beam","tune.js:429",2,"function set_feathered_beam(s1) {"
"new_syst","tune.js:563",2,"function new_syst(init) {"
"fill_mr_ba","tune.js:1451",2,"function fill_mr_ba(p_v) {"
"get_clef","tune.js:1930",2,"function get_clef(s) {"
"get_key","tune.js:1989",2,"function get_key(parm) {"
"init_tune","tune.js:2130",2,"function init_tune() {"
"m_gl","svg.js:204",2,"function m_gl(s) {"
"def_use","svg.js:219",2,"function def_use(gl) {"
"anno_out","svg.js:421",2,"function anno_out(s, t, f) {"
"anno_put","svg.js:450",2,"function anno_put() {"
"draw_all_hl","svg.js:574",2,"function draw_all_hl() {"
"out_hyph","svg.js:729",2,"function out_hyph(x, y, w) {"
"tempo_build","svg.js:1233",2,"function tempo_build(s) {"
"writempo","svg.js:1291",2,"function writempo(s, x, y) {"
"out_str","subs.js:317",2,"function out_str(str) {"
"put_inf2r","subs.js:437",2,"function put_inf2r(x, y, str1, str2, action) {"
"write_heading","subs.js:863",2,"function write_heading() {"
"new_clef","parse.js:37",2,"function new_clef(clef_def) {"
"nt_trans","parse.js:158",2,"function nt_trans(nt,"
"set_user","parse.js:255",2,"function set_user(parm) {"
"new_key","parse.js:615",2,"function new_key(param) {"
"new_bar","parse.js:1276",2,"function new_bar() {"
"map_p","parse.js:1761",2,"function map_p() {"
"slur_add","parse.js:1875",2,"function slur_add(s, nt) {		// nt = note if slur ending on note"
"do_ties","parse.js:1996",2,"function do_ties(s, tie_s) {"
"tp_adj","parse.js:2514",2,"function tp_adj(s, fact) {"
"parse_music_line","parse.js:2606",2,"function parse_music_line() {"
"check_mac","parse.js:2615",2,"function check_mac(m) {"
"parse_mac","parse.js:2674",2,"function parse_mac(k, m, b) {"
"set_head_shift","music.js:117",2,"function set_head_shift(s) {"
"acc_shift","music.js:180",2,"function acc_shift(notes, grh) {"
"insert_clef","music.js:417",2,"function insert_clef(s, clef_type, clef_line) {"
"gchord_width","music.js:659",2,"function gchord_width(s, wlnote, wlw) {"
"time2space","music.js:1082",2,"function time2space(s, len) {"
"set_space","music.js:1132",2,"function set_space(s, ptime) {"
"set_sp_tup","music.js:1232",2,"function set_sp_tup(s, s_et) {"
"bardiv","music.js:1685",2,"function bardiv(so) {		// start of next line"
"eol_bar","music.js:1710",2,"function eol_bar(s,		// bar |:"
"do_warn","music.js:1855",2,"function do_warn(s) {		// start of next line"
"get_ck_width","music.js:2022",2,"function get_ck_width() {"
"get_width","music.js:2037",2,"function get_width(s, next) {"
"set_lines","music.js:2062",2,"function set_lines(	s,		/* first symbol */"
"mrest_expand","music.js:2541",2,"function mrest_expand() {"
"mexp","music.js:2545",2,"function mexp(s) {"
"set_auto_clef","music.js:2680",2,"function set_auto_clef(st, s_start, clef_type_start) {"
"roffs","music.js:3025",2,"function roffs(s) {"
"Abc.prototype.set_pitch","music.js:3031",2,"Abc.prototype.set_pitch = function(last_s) {"
"init_music_line","music.js:3530",2,"function init_music_line() {"
"check_end_bar","music.js:3731",2,"function check_end_bar() {"
"get_lshift","music.js:3972",2,"function get_lshift() {"
"set_piece","music.js:4981",2,"function set_piece() {"
"set_top_bot","music.js:5025",2,"function set_top_bot() {"
"gen_init","music.js:5363",2,"function gen_init() {"
"get_errmsg","modules.js:72",2,"function get_errmsg() {"
"load_end","modules.js:85",2,"function load_end() {"
"draw_lyric_line","lyrics.js:394",2,"function draw_lyric_line(p_voice, j, y) {"
"draw_lyrics","lyrics.js:511",2,"function draw_lyrics(p_voice, nly, a_h, y,"
"parse_gchord","gchord.js:23",2,"function parse_gchord(type) {"
"draw_all_chsy","gchord.js:421",2,"function draw_all_chsy() {"
"set_an_yu","gchord.js:427",2,"function set_an_yu(j) {"
"set_an_yl","gchord.js:457",2,"function set_an_yl(i) {"
"tune_selected","front.js:237",2,"function tune_selected() {"
"tune_filter","front.js:383",2,"function tune_filter() {"
"get_textopt","format.js:423",2,"function get_textopt(v) {"
"set_pos","format.js:443",2,"function set_pos(k, v) {		// keyword, value"
"st_font","format.js:878",2,"function st_font(font) {"
"sym_dup","draw.js:70",2,"function sym_dup(s) {"
"draw_beams","draw.js:469",2,"function draw_beams(bm) {"
"draw_lstaff","draw.js:670",2,"function draw_lstaff(x) {"
"set_k_acc","draw.js:951",2,"function set_k_acc(a_acc, sf) {"
"center_rest","draw.js:1128",2,"function center_rest(s) {"
"draw_mrest","draw.js:1226",2,"function draw_mrest(s) {"
"omrest","draw.js:1235",2,"function omrest() {"
"grace_slur","draw.js:1297",2,"function grace_slur(s) {"
"y_head","draw.js:1508",2,"function y_head(s, note) {"
"prev_scut","draw.js:1708",2,"function prev_scut(s) {"
"slur_multi","draw.js:1731",2,"function slur_multi(s1, s2) {"
"slur_out","draw.js:1774",2,"function slur_out(x1, y1, x2, y2, dir, height, dotted) {"
"draw_sls","draw.js:2275",2,"function draw_sls(s,		// start symbol"
"draw_bar","draw.js:3590",2,"function draw_bar(s, bot, h, ng) {"
"out_bars","draw.js:3685",2,"function out_bars() {"
"hl_rest","draw.js:3707",2,"function hl_rest(s) {"
"Abc.prototype.draw_symbols","draw.js:3910",2,"Abc.prototype.draw_symbols = function(p_voice) {"
"up3","deco.js:166",2,"function up3(s, pos) {"
"d_trill","deco.js:331",2,"function d_trill(de) {"
"sh_st","deco.js:346",2,"function sh_st() {"
"sh_en","deco.js:375",2,"function sh_en() {"
"sav_fg","deco.js:762",2,"function sav_fg() {"
"deco_wch","deco.js:1124",2,"function deco_wch(nt) {"
"out_fg","deco.js:1150",2,"function out_fg() {"
"create_deco","deco.js:1352",2,"function create_deco(s) {"
"create_dh","deco.js:1466",2,"function create_dh(s, m) {"
"ll_deco","deco.js:1536",2,"function ll_deco() {"
"draw_repbra","deco.js:1688",2,"function draw_repbra(p_voice) {"
"abc2svg.b40m","abc2svg.js:141",2,"abc2svg.b40m = function(b) {"
"abc2svg.rat","abc2svg.js:207",2,"abc2svg.rat = function(n, d) {"
"voice_filter","tune.js:29",1,"function voice_filter() {"
"Abc.prototype.set_bar_num","tune.js:598",1,"Abc.prototype.set_bar_num = function() {"
"check_meas","tune.js:607",1,"function check_meas() {"
"get_map","tune.js:769",1,"function get_map(text) {"
"Abc.prototype.do_begin_end","tune.js:1241",1,"Abc.prototype.do_begin_end = function(type,"
"get_staves","tune.js:1503",1,"function get_staves(cmd, parm) {"
"goto_tune","tune.js:2254",1,"function goto_tune() {"
"delayed_update","svg.js:400",1,"function delayed_update() {"
"a_start","svg.js:437",1,"function a_start(s, t) {"
"a_stop","svg.js:440",1,"function a_stop(s, t) {"
"out_acciac","svg.js:695",1,"function out_acciac(x, y, dx, dy, up) {"
"out_brace","svg.js:707",1,"function out_brace(x, y, h) {"
"out_bracket","svg.js:719",1,"function out_bracket(x, y, h) {"
"out_trem","svg.js:831",1,"function out_trem(x, y, ntrem) {"
"out_tubr","svg.js:842",1,"function out_tubr(x, y, dx, dy, up) {"
"out_tubrn","svg.js:854",1,"function out_tubrn(x, y, dx, dy, up, str) {"
"out_cresc","svg.js:956",1,"function out_cresc(x, y, val, defl) {"
"out_dim","svg.js:967",1,"function out_dim(x, y, val, defl) {"
"Abc.prototype.out_lped","svg.js:983",1,"Abc.prototype.out_lped = function(x, y, val, defl) {"
"out_8va","svg.js:989",1,"function out_8va(x, y, val, defl) {"
"out_8vb","svg.js:1008",1,"function out_8vb(x, y, val, defl) {"
"out_15ma","svg.js:1027",1,"function out_15ma(x, y, val, defl) {"
"out_15mb","svg.js:1046",1,"function out_15mb(x, y, val, defl) {"
"out_glisq","svg.js:1086",1,"function out_glisq(x2, y2, de) {"
"out_gliss","svg.js:1115",1,"function out_gliss(x2, y2, de) {"
"out_deco_long","svg.js:1143",1,"function out_deco_long(x, y, de) {"
"trim_title","subs.js:377",1,"function trim_title(title, is_subtitle) {"
"put_words","subs.js:552",1,"function put_words(words) {"
"put_history","subs.js:679",1,"function put_history() {"
"set_linebreak","parse.js:222",1,"function set_linebreak(param) {"
"get_st_lines","parse.js:309",1,"function get_st_lines(param) {"
"new_meter","parse.js:781",1,"function new_meter(p) {"
"new_tempo","parse.js:1007",1,"function new_tempo(text) {"
"adjust_dur","parse.js:1239",1,"function adjust_dur(s) {"
"parse_staves","parse.js:1493",1,"function parse_staves(p) {"
"parse_basic_note","parse.js:1835",1,"function parse_basic_note(line, ulen) {"
"Abc.prototype.new_note","parse.js:2047",1,"Abc.prototype.new_note = function(grace, sls) {"
"set_acc_shft","music.js:288",1,"function set_acc_shft() {"
"set_float","music.js:460",1,"function set_float() {"
"set_graceoffs","music.js:546",1,"function set_graceoffs(s) {"
"set_w_chs","music.js:611",1,"function set_w_chs(s) {"
"add_end_bar","music.js:1288",1,"function add_end_bar(s) {"
"set_repeat","music.js:1434",1,"function set_repeat(s) {	// first note"
"custos_add","music.js:1636",1,"function custos_add(s) {"
"cut_tune","music.js:2285",1,"function cut_tune(lwidth, lsh) {"
"set_ottava","music.js:2455",1,"function set_ottava() {"
"set_clefs","music.js:2827",1,"function set_clefs() {"
"set_rest_offset","music.js:3335",1,"function set_rest_offset() {"
"set_words","music.js:3748",1,"function set_words(p_voice) {"
"set_rb","music.js:3884",1,"function set_rb(p_voice) {"
"set_global","music.js:3922",1,"function set_global() {"
"set_indent","music.js:4040",1,"function set_indent(lsh) {"
"set_beams","music.js:4068",1,"function set_beams(sym) {"
"same_head","music.js:4163",1,"function same_head(s1, s2) {"
"unison_acc","music.js:4288",1,"function unison_acc(s1, s2, i1, i2) {"
"set_overlap","music.js:4447",1,"function set_overlap() {"
"v_invert","music.js:4454",1,"function v_invert() {"
"Abc.prototype.set_stems","music.js:4739",1,"Abc.prototype.set_stems = function() {"
"Abc.prototype.set_sym_glue","music.js:5198",1,"Abc.prototype.set_sym_glue = function(width) {"
"set_sym_line","music.js:5331",1,"function set_sym_line() {"
"set_posx","music.js:5357",1,"function set_posx() {"
"Abc.prototype.output_music","music.js:5400",1,"Abc.prototype.output_music = function() {"
"get_sym","lyrics.js:21",1,"function get_sym(p, cont) {"
"get_lyrics","lyrics.js:125",1,"function get_lyrics(p, cont) {"
"draw_all_lyrics","lyrics.js:543",1,"function draw_all_lyrics() {"
"Abc.prototype.gch_build","gchord.js:252",1,"Abc.prototype.gch_build = function(s) {"
"do_include","front.js:200",1,"function do_include(fn) {"
"get_font_scale","format.js:176",1,"function get_font_scale(param) {"
"set_infoname","format.js:383",1,"function set_infoname(cmd, param) {"
"set_writefields","format.js:451",1,"function set_writefields(parm) {"
"b_pos","draw.js:41",1,"function b_pos(grace, stem, nflags, b) {"
"draw_rest","draw.js:1164",1,"function draw_rest(s) {"
"draw_gracenotes","draw.js:1414",1,"function draw_gracenotes(s) {"
"setdoty","draw.js:1472",1,"function setdoty(s, y_tb) {"
"draw_basic_note","draw.js:1515",1,"function draw_basic_note(s, m, y_tb) {"
"slur_direction","draw.js:1727",1,"function slur_direction(k1, k2) {"
"draw_all_ties","draw.js:2907",1,"function draw_all_ties(p_voice) {"
"draw_sym_near","draw.js:3001",1,"function draw_sym_near() {"
"draw_vname","draw.js:3235",1,"function draw_vname(indent, stl) {"
"set_staff","draw.js:3296",1,"function set_staff() {"
"draw_all_sym","draw.js:4042",1,"function draw_all_sym() {"
"set_tie_dir","draw.js:4163",1,"function set_tie_dir(s) {"
"set_tie_room","draw.js:4289",1,"function set_tie_room() {"
"up6","deco.js:177",1,"function up6(s, pos) {"
"d_arp","deco.js:195",1,"function d_arp(de) {"
"d_near","deco.js:234",1,"function d_near(de) {"
"d_slide","deco.js:270",1,"function d_slide(de) {"
"deco_add","deco.js:563",1,"function deco_add(param) {"
"deco_update","deco.js:1061",1,"function deco_update(s, dx) {"
"Abc.prototype.draw_all_deco","deco.js:1142",1,"Abc.prototype.draw_all_deco = function () {"
"draw_deco_near","deco.js:1333",1,"function draw_deco_near() {"
"ldeco_update","deco.js:1337",1,"function ldeco_update(s) {"
"draw_deco_note","deco.js:1662",1,"function draw_deco_note() {"
"draw_deco_staff","deco.js:1682",1,"function draw_deco_staff() {"
"draw_measnb","deco.js:1924",1,"function draw_measnb() {"
"draw_partempo","deco.js:2049",1,"function draw_partempo() {"
"js_inject","abc2svg.js:424",1,"function js_inject(js) {"
"Abc.prototype.add_style","tail.js:25",0,"Abc.prototype.add_style = function(s) { style += s };"
"Abc.prototype.deco_put","tail.js:30",0,"Abc.prototype.deco_put = function(nm, s) {"
"Abc.prototype.dh_put","tail.js:35",0,"Abc.prototype.dh_put = function(nm, s, nt) {"
"Abc.prototype.get_cur_sy","tail.js:45",0,"Abc.prototype.get_cur_sy = function() { return cur_sy };"
"Abc.prototype.get_curvoice","tail.js:46",0,"Abc.prototype.get_curvoice = function() { return curvoice };"
"Abc.prototype.get_delta_tb","tail.js:47",0,"Abc.prototype.get_delta_tb = function() { return delta_tb };"
"Abc.prototype.get_decos","tail.js:48",0,"Abc.prototype.get_decos = function() { return decos };"
"Abc.prototype.get_font_style","tail.js:50",0,"Abc.prototype.get_font_style = function() { return font_style };"
"Abc.prototype.get_glyphs","tail.js:51",0,"Abc.prototype.get_glyphs = function() { return glyphs };"
"Abc.prototype.get_img","tail.js:52",0,"Abc.prototype.get_img = function() { return img };"
"Abc.prototype.get_maps","tail.js:54",0,"Abc.prototype.get_maps = function() { return maps };"
"Abc.prototype.get_multi","tail.js:55",0,"Abc.prototype.get_multi = function() { return multicol };"
"Abc.prototype.get_newpage","tail.js:56",0,"Abc.prototype.get_newpage = function() {"
"Abc.prototype.get_parse","tail.js:62",0,"Abc.prototype.get_parse = function() { return parse }"
"Abc.prototype.get_posy","tail.js:63",0,"Abc.prototype.get_posy = function() { return posy }"
"Abc.prototype.get_staff_tb","tail.js:64",0,"Abc.prototype.get_staff_tb = function() { return staff_tb };"
"Abc.prototype.get_top_v","tail.js:65",0,"Abc.prototype.get_top_v = function() { return par_sy.top_voice };"
"Abc.prototype.get_tsfirst","tail.js:66",0,"Abc.prototype.get_tsfirst = function() { return tsfirst };"
"Abc.prototype.get_user","tail.js:68",0,"Abc.prototype.get_user = function() { return user }"
"Abc.prototype.get_voice_tb","tail.js:69",0,"Abc.prototype.get_voice_tb = function() { return voice_tb };"
"Abc.prototype.set_cur_sy","tail.js:82",0,"Abc.prototype.set_cur_sy = function(sy) { cur_sy = sy };"
"Abc.prototype.set_curvoice","tail.js:83",0,"Abc.prototype.set_curvoice = function(p_v) { curvoice = p_v }"
"Abc.prototype.set_a_gch","tail.js:86",0,"Abc.prototype.set_a_gch = function(s, a) { a_gch = a; csan_add(s) }"
"Abc.prototype.set_pagef","tail.js:90",0,"Abc.prototype.set_pagef = function() { blkdiv = 1 }"
"Abc.prototype.set_realwidth","tail.js:91",0,"Abc.prototype.set_realwidth = function(v) { realwidth = v }"
"Abc.prototype.set_tsfirst","tail.js:94",0,"Abc.prototype.set_tsfirst = function(s) { tsfirst = s };"
"Abc.prototype.out_svg","svg.js:520",0,"Abc.prototype.out_svg = function(str) { output += str }"
"Abc.prototype.ax","svg.js:545",0,"Abc.prototype.ax = function(x) { return x + posx }"
"Abc.prototype.ay","svg.js:546",0,"Abc.prototype.ay = function(y) {"
"Abc.prototype.ah","svg.js:551",0,"Abc.prototype.ah = function(h) {"
"lped","svg.js:1070",0,"lped:	function(x, y, val, defl) {"